Rating,Review Count,Product URL
4.1 out of 5 stars,19,https://www.amazon.in//gp/slredirect/picassoRedirect.html/ref=pa_sp_atf_next_aps_sr_pg2_1?ie=UTF8&adId=A062210318VIMQDW9YCS9&url=%2FLenovo-Touchscreen-Fingerprint-Graphite-82HS0092IN%2Fdp%2FB08WRZQBQ6%2Fref%3Dsr_1_17_sspa%3Fdchild%3D1%26keywords%3Dlaptop%26qid%3D1622906593%26sr%3D8-17-spons%26psc%3D1&qualifier=1622906593&id=5394620526453675&widgetName=sp_atf_next
3.6 out of 5 stars,71,https://www.amazon.in//gp/slredirect/picassoRedirect.html/ref=pa_sp_atf_next_aps_sr_pg2_1?ie=UTF8&adId=A0161882LGEYYRT5K6LE&url=%2FLenovo-Laptop-Windows-Graphics-82A1009LIN%2Fdp%2FB087D47QXB%2Fref%3Dsr_1_18_sspa%3Fdchild%3D1%26keywords%3Dlaptop%26qid%3D1622906593%26sr%3D8-18-spons%26psc%3D1&qualifier=1622906593&id=5394620526453675&widgetName=sp_atf_next
3.6 out of 5 stars,3,https://www.amazon.in//HP-245-1S5E8PA-ATHLON-3050U-14inch/dp/B08P1LGK4F/ref=sr_1_19?dchild=1&keywords=laptop&qid=1622906593&sr=8-19
,More Buying Choices,https://www.amazon.in//HP-Laptop-366C6PA-Ryzen-3-3250U/dp/B095K6FZRF/ref=sr_1_20?dchild=1&keywords=laptop&qid=1622906593&sr=8-20
3.8 out of 5 stars,43,https://www.amazon.in//Lenovo-10-1-inch-Touchscreen-Detachable-81H3S01S00/dp/B08P7M9Y59/ref=sr_1_21?dchild=1&keywords=laptop&qid=1622906593&sr=8-21
3.3 out of 5 stars,40,https://www.amazon.in//Lenovo-Integrated-Graphics-Platinum-81W100W9IN/dp/B08JCP96XL/ref=sr_1_22?dchild=1&keywords=laptop&qid=1622906593&sr=8-22
3.6 out of 5 stars,378,https://www.amazon.in//Lenovo-Ideapad-Windows-Platinum-81W100HKIN/dp/B08CQG6PDK/ref=sr_1_23?dchild=1&keywords=laptop&qid=1622906593&sr=8-23
4.2 out of 5 stars,"1,104",https://www.amazon.in//HP-14-inch-Laptop-i3-1005G1-14s-cf3074TU/dp/B08G24RGKS/ref=sr_1_24?dchild=1&keywords=laptop&qid=1622906593&sr=8-24
4.7 out of 5 stars,27,https://www.amazon.in//Acer-Aspire-Intel-Generation-39-62/dp/B091YK7PRH/ref=sr_1_25?dchild=1&keywords=laptop&qid=1622906593&sr=8-25
4.0 out of 5 stars,58,https://www.amazon.in//HP-Processor-14-inch-Windows-14s-dq2535TU/dp/B0928NL6F3/ref=sr_1_26?dchild=1&keywords=laptop&qid=1622906593&sr=8-26
3.7 out of 5 stars,28,https://www.amazon.in//gp/slredirect/picassoRedirect.html/ref=pa_sp_mtf_aps_sr_pg2_1?ie=UTF8&adId=A08845473N2T1LESRQBXQ&url=%2FLenovo-Touchscreen-Windows-Fingerprint-82FN004QIN%2Fdp%2FB08Y96J1ZJ%2Fref%3Dsr_1_27_sspa%3Fdchild%3D1%26keywords%3Dlaptop%26qid%3D1622906593%26sr%3D8-27-spons%26psc%3D1&qualifier=1622906593&id=5394620526453675&widgetName=sp_mtf
4.5 out of 5 stars,9,https://www.amazon.in//gp/slredirect/picassoRedirect.html/ref=pa_sp_mtf_aps_sr_pg2_1?ie=UTF8&adId=A06218591H7NJYCPGVE4U&url=%2FLenovo-Touchscreen-Fingerprint-Aluminium-82BH004HIN%2Fdp%2FB08P3M22QQ%2Fref%3Dsr_1_28_sspa%3Fdchild%3D1%26keywords%3Dlaptop%26qid%3D1622906593%26sr%3D8-28-spons%26psc%3D1&qualifier=1622906593&id=5394620526453675&widgetName=sp_mtf
3.7 out of 5 stars,131,https://www.amazon.in//ASUS-VivoBook-i3-1005G1-Integrated-X415JA-EK312TS/dp/B08JMSHVJW/ref=sr_1_29?dchild=1&keywords=laptop&qid=1622906593&sr=8-29
3.2 out of 5 stars,226,https://www.amazon.in//HP-db1060au-Laptop-Ryzen3-Microsoft-Natural/dp/B083SNGBLF/ref=sr_1_30?dchild=1&keywords=laptop&qid=1622906593&sr=8-30
3.9 out of 5 stars,20,https://www.amazon.in//RDP-ThinBook-1010-Celeron-Processor/dp/B0924PSV78/ref=sr_1_31?dchild=1&keywords=laptop&qid=1622906593&sr=8-31
3.3 out of 5 stars,72,https://www.amazon.in//Lenovo-82C7A006IH-Windows-10-Integrated-Graphics/dp/B08DHZS1XQ/ref=sr_1_32?dchild=1&keywords=laptop&qid=1622906593&sr=8-32
4.4 out of 5 stars,32,https://www.amazon.in//Asus-X509MA-BR270T-Silver-Intel-Celeron/dp/B0915RJKGR/ref=sr_1_33?dchild=1&keywords=laptop&qid=1622906593&sr=8-33
4.4 out of 5 stars,"1,398",https://www.amazon.in//HP-11-inch-Celeron-Storage-11-ak0010nr/dp/B0886JS35F/ref=sr_1_34?dchild=1&keywords=laptop&qid=1622906593&sr=8-34
3.9 out of 5 stars,9,https://www.amazon.in//Lenovo-E41-45-82BF000EIH-A6-7350B-Warranty/dp/B08Q7Q3LZZ/ref=sr_1_35?dchild=1&keywords=laptop&qid=1622906593&sr=8-35
5.0 out of 5 stars,1,https://www.amazon.in//Lenovo-V15-ADA-15-6-inch-Windows-82C700H3IH/dp/B091KJHJT3/ref=sr_1_36?dchild=1&keywords=laptop&qid=1622906593&sr=8-36
3.7 out of 5 stars,95,https://www.amazon.in//gp/slredirect/picassoRedirect.html/ref=pa_sp_btf_aps_sr_pg2_1?ie=UTF8&adId=A088473532B5A31U00A88&url=%2FLenovo-Laptop-Windows-Office-81UE0085IN%2Fdp%2FB08JCL6R75%2Fref%3Dsr_1_37_sspa%3Fdchild%3D1%26keywords%3Dlaptop%26qid%3D1622906593%26sr%3D8-37-spons%26psc%3D1&qualifier=1622906593&id=5394620526453675&widgetName=sp_btf
4.1 out of 5 stars,"1,063",https://www.amazon.in//gp/slredirect/picassoRedirect.html/ref=pa_sp_btf_aps_sr_pg2_1?ie=UTF8&adId=A09495362DCVKEA10ZX77&url=%2FMI-Notebook-i5-10210U-Graphics-XMA1901-FL%2Fdp%2FB08T9MNJQN%2Fref%3Dsr_1_38_sspa%3Fdchild%3D1%26keywords%3Dlaptop%26qid%3D1622906593%26sr%3D8-38-spons%26psc%3D1&qualifier=1622906593&id=5394620526453675&widgetName=sp_btf
4.4 out of 5 stars,32,https://www.amazon.in//gp/slredirect/picassoRedirect.html/ref=pa_sp_atf_next_aps_sr_pg3_1?ie=UTF8&adId=A078732491MWZPPNVTXP&url=%2FLenovo-14-inch-Integrated-Graphics-82A2008VIN%2Fdp%2FB08LKQBR8R%2Fref%3Dsr_1_33_sspa%3Fdchild%3D1%26keywords%3Dlaptop%26qid%3D1622906606%26sr%3D8-33-spons%26psc%3D1&qualifier=1622906606&id=7213526639895402&widgetName=sp_atf_next
4.1 out of 5 stars,7,https://www.amazon.in//gp/slredirect/picassoRedirect.html/ref=pa_sp_atf_next_aps_sr_pg3_1?ie=UTF8&adId=A0658951JITY2EFN1I2L&url=%2FAcer-Swift-Display-Touchscreen-Notebook%2Fdp%2FB08P6GCH7Y%2Fref%3Dsr_1_34_sspa%3Fdchild%3D1%26keywords%3Dlaptop%26qid%3D1622906606%26sr%3D8-34-spons%26psc%3D1&qualifier=1622906606&id=7213526639895402&widgetName=sp_atf_next
3.7 out of 5 stars,78,https://www.amazon.in//ASUS-i5-1035G1-Integrated-Transparent-X415JA-EK085TS/dp/B08JMPT24V/ref=sr_1_35?dchild=1&keywords=laptop&qid=1622906606&sr=8-35
3.7 out of 5 stars,42,https://www.amazon.in//Lenovo-E41-45-82BF000JIH-A6-7350B-35-56cms/dp/B08Q7JSR2F/ref=sr_1_36?dchild=1&keywords=laptop&qid=1622906606&sr=8-36
3.0 out of 5 stars,462,https://www.amazon.in//Lenovo-Ideapad-Windows-Platinum-81WE00RCIN/dp/B08CQ9C48X/ref=sr_1_37?dchild=1&keywords=laptop&qid=1622906606&sr=8-37
3.6 out of 5 stars,14,https://www.amazon.in//Lenovo-Ideapad-Windows-GeForce-81LK01QTIN/dp/B092MTLNBB/ref=sr_1_38?dchild=1&keywords=laptop&qid=1622906606&sr=8-38
3.9 out of 5 stars,275,https://www.amazon.in//HP-Laptop-15-6-inch-Screen-Windows/dp/B08XY3843B/ref=sr_1_39?dchild=1&keywords=laptop&qid=1622906606&sr=8-39
3.5 out of 5 stars,22,https://www.amazon.in//LifeDigital-Laptop-Intel%C2%AE-Storage-Windows/dp/B08HRHFV1Q/ref=sr_1_40?dchild=1&keywords=laptop&qid=1622906606&sr=8-40
4.4 out of 5 stars,32,https://www.amazon.in//Lenovo-14-inch-Integrated-Graphics-82A2008VIN/dp/B08LKQBR8R/ref=sr_1_41?dchild=1&keywords=laptop&qid=1622906606&sr=8-41
3.4 out of 5 stars,601,https://www.amazon.in//Lenovo-Ideapad-Windows-Platinum-81W10057IN/dp/B087D3JHGB/ref=sr_1_42?dchild=1&keywords=laptop&qid=1622906606&sr=8-42
3.7 out of 5 stars,78,https://www.amazon.in//gp/slredirect/picassoRedirect.html/ref=pa_sp_mtf_aps_sr_pg3_1?ie=UTF8&adId=A09421802EYXBF36GEK3C&url=%2FASUS-VivoBook-i5-1035G1-Integrated-X415JA-EK501T%2Fdp%2FB08PQW6W1L%2Fref%3Dsr_1_43_sspa%3Fdchild%3D1%26keywords%3Dlaptop%26qid%3D1622906606%26sr%3D8-43-spons%26psc%3D1&qualifier=1622906606&id=7213526639895402&widgetName=sp_mtf
4.4 out of 5 stars,484,https://www.amazon.in//gp/slredirect/picassoRedirect.html/ref=pa_sp_mtf_aps_sr_pg3_1?ie=UTF8&adId=A0942080NAHF0AF9I2DG&url=%2FHP-Pavilion-Touchscreen-14-inch-14-dh1502TU%2Fdp%2FB0928PGBLM%2Fref%3Dsr_1_44_sspa%3Fdchild%3D1%26keywords%3Dlaptop%26qid%3D1622906606%26sr%3D8-44-spons%26psc%3D1&qualifier=1622906606&id=7213526639895402&widgetName=sp_mtf
N/A,N/A,https://www.amazon.in//Dell-Inspiron-i3-1115G4-Integrated-D560424WIN9S/dp/B0919HLGYC/ref=sr_1_45?dchild=1&keywords=laptop&qid=1622906606&sr=8-45
3.8 out of 5 stars,19,https://www.amazon.in//Lenovo-D330-10IGM-Laptop-Tablet-Multi-Touch-81H30053IN/dp/B08FX62PNN/ref=sr_1_46?dchild=1&keywords=laptop&qid=1622906606&sr=8-46
3.5 out of 5 stars,16,https://www.amazon.in//LifeDigital-Laptop-Intel%C2%AE-Storage-Windows/dp/B08HRKDL9H/ref=sr_1_47?dchild=1&keywords=laptop&qid=1622906606&sr=8-47
,N/A,https://www.amazon.in//Lenovo-IdeaPad-Windows-Platinum-81WE0143IN/dp/B08JCLMJTY/ref=sr_1_48?dchild=1&keywords=laptop&qid=1622906606&sr=8-48
4.4 out of 5 stars,790,https://www.amazon.in//Notebook-Horizon-i5-10210U-Graphics-XMA1904-AR/dp/B089F5JGM1/ref=sr_1_49?dchild=1&keywords=laptop&qid=1622906606&sr=8-49
4.2 out of 5 stars,227,https://www.amazon.in//HP-3-3250-Laptop-Windows-15s-gr0012AU/dp/B08T6THSMQ/ref=sr_1_50?dchild=1&keywords=laptop&qid=1622906606&sr=8-50
4.4 out of 5 stars,56,https://www.amazon.in//HP-Pavilion-Graphics-39-62cms-15-eg0103TX/dp/B08XBZBFCQ/ref=sr_1_51?dchild=1&keywords=laptop&qid=1622906606&sr=8-51
3.3 out of 5 stars,4,https://www.amazon.in//Lenovo-ThinkPad-Business-Ultrabook-i5-5300U/dp/B07GZ38Y7Q/ref=sr_1_52?dchild=1&keywords=laptop&qid=1622906606&sr=8-52
4.1 out of 5 stars,"1,063",https://www.amazon.in//gp/slredirect/picassoRedirect.html/ref=pa_sp_btf_aps_sr_pg3_1?ie=UTF8&adId=A094888824ICUCN8UNZ2E&url=%2FMI-Notebook-i5-10210U-Graphics-XMA1901-FK%2Fdp%2FB08T9P4DQV%2Fref%3Dsr_1_53_sspa%3Fdchild%3D1%26keywords%3Dlaptop%26qid%3D1622906606%26sr%3D8-53-spons%26psc%3D1&qualifier=1622906606&id=7213526639895402&widgetName=sp_btf
4.2 out of 5 stars,15,https://www.amazon.in//gp/slredirect/picassoRedirect.html/ref=pa_sp_btf_aps_sr_pg3_1?ie=UTF8&adId=A09422685XJDOEZ4BNSS&url=%2FHP-Laptop-14-Inch-Windows-dy2501tu%2Fdp%2FB093VZC5X9%2Fref%3Dsr_1_54_sspa%3Fdchild%3D1%26keywords%3Dlaptop%26qid%3D1622906606%26sr%3D8-54-spons%26psc%3D1&qualifier=1622906606&id=7213526639895402&widgetName=sp_btf
3.1 out of 5 stars,13,https://www.amazon.in//gp/slredirect/picassoRedirect.html/ref=pa_sp_atf_next_aps_sr_pg4_1?ie=UTF8&adId=A06860221QCRR929CGS3R&url=%2FLenovo-Laptop-Windows-Graphics-82A1009KIN%2Fdp%2FB087D38ZP4%2Fref%3Dsr_1_49_sspa%3Fdchild%3D1%26keywords%3Dlaptop%26qid%3D1622906609%26sr%3D8-49-spons%26psc%3D1&qualifier=1622906609&id=7132940820497888&widgetName=sp_atf_next
5.0 out of 5 stars,1,https://www.amazon.in//gp/slredirect/picassoRedirect.html/ref=pa_sp_atf_next_aps_sr_pg4_1?ie=UTF8&adId=A062258411JUBLBY7LKC9&url=%2FLenovo-V15-ADA-15-6-inch-Windows-82C700H3IH%2Fdp%2FB091KJHJT3%2Fref%3Dsr_1_50_sspa%3Fdchild%3D1%26keywords%3Dlaptop%26qid%3D1622906609%26sr%3D8-50-spons%26psc%3D1&qualifier=1622906609&id=7132940820497888&widgetName=sp_atf_next
,N/A,https://www.amazon.in//Renewed-Dell-Latitude-Laptop-E5480/dp/B091M4P11C/ref=sr_1_51?dchild=1&keywords=laptop&qid=1622906609&sr=8-51
3.8 out of 5 stars,176,https://www.amazon.in//ASUS-i5-1035G1-Integrated-Transparent-X409JA-EK581T/dp/B08BV8RKGB/ref=sr_1_52?dchild=1&keywords=laptop&qid=1622906609&sr=8-52
4.2 out of 5 stars,49,https://www.amazon.in//HP-Processor-14-inch-Windows-14s-fr0016AU/dp/B092JJ5LLR/ref=sr_1_53?dchild=1&keywords=laptop&qid=1622906609&sr=8-53
4.4 out of 5 stars,72,https://www.amazon.in//HP-14-inch-Windows-Natural-14s-fq1030AU/dp/B0928TPR8H/ref=sr_1_54?dchild=1&keywords=laptop&qid=1622906609&sr=8-54
4.0 out of 5 stars,228,https://www.amazon.in//HP-Processor-39-62cms-Integrated-15s-fr2006TU/dp/B08XNYH4LX/ref=sr_1_55?dchild=1&keywords=laptop&qid=1622906609&sr=8-55
4.0 out of 5 stars,2,https://www.amazon.in//HP-Laptop-14-inch-Windows-14s-dr2015TU/dp/B093L3TV59/ref=sr_1_56?dchild=1&keywords=laptop&qid=1622906609&sr=8-56
1.0 out of 5 stars,2,https://www.amazon.in//Essential-NE14A2INC44A-MB-Celeron-N4020-Integrated-Graphics/dp/B08YR9DDVZ/ref=sr_1_57?dchild=1&keywords=laptop&qid=1622906609&sr=8-57
3.9 out of 5 stars,110,https://www.amazon.in//Lenovo-15-inch-Laptop-Windows-82C500PFIH/dp/B08BXY8NMP/ref=sr_1_58?dchild=1&keywords=laptop&qid=1622906609&sr=8-58
3.7 out of 5 stars,131,https://www.amazon.in//gp/slredirect/picassoRedirect.html/ref=pa_sp_mtf_aps_sr_pg4_1?ie=UTF8&adId=A0950216UI4F9OOWSOQ2&url=%2FASUS-VivoBook-i3-1005G1-Integrated-X415JA-EK104T%2Fdp%2FB08S4NF565%2Fref%3Dsr_1_59_sspa%3Fdchild%3D1%26keywords%3Dlaptop%26qid%3D1622906609%26sr%3D8-59-spons%26psc%3D1&qualifier=1622906609&id=7132940820497888&widgetName=sp_mtf
3.7 out of 5 stars,474,https://www.amazon.in//gp/slredirect/picassoRedirect.html/ref=pa_sp_mtf_aps_sr_pg4_1?ie=UTF8&adId=A094972429I4A4YFG7HIC&url=%2FLenovo-IdeaPad-Windows-Platinum-81WE0144IN%2Fdp%2FB08JCV81WK%2Fref%3Dsr_1_60_sspa%3Fdchild%3D1%26keywords%3Dlaptop%26qid%3D1622906609%26sr%3D8-60-spons%26psc%3D1&qualifier=1622906609&id=7132940820497888&widgetName=sp_mtf
3.5 out of 5 stars,28,https://www.amazon.in//Acer-Aspire-Ryzen-3200U-39-62cms/dp/B08WLR5NNR/ref=sr_1_61?dchild=1&keywords=laptop&qid=1622906609&sr=8-61
3.4 out of 5 stars,"1,582",https://www.amazon.in//Lenovo-Ideapad-A6-9225-Windows-81N30063IN/dp/B081Z4H8BM/ref=sr_1_62?dchild=1&keywords=laptop&qid=1622906609&sr=8-62
3.2 out of 5 stars,125,https://www.amazon.in//Lenovo-V145-AMD-A6-Laptop-Windows-81MTA000IH/dp/B083C9RDCW/ref=sr_1_63?dchild=1&keywords=laptop&qid=1622906609&sr=8-63
,N/A,https://www.amazon.in//Lenovo-15-6-inch-Integrated-Graphics-82C700HXIH/dp/B095JW3CCX/ref=sr_1_64?dchild=1&keywords=laptop&qid=1622906609&sr=8-64
3.6 out of 5 stars,273,https://www.amazon.in//Lenovo-Integrated-Graphics-Platinum-81W100VFIN/dp/B08JCDHPGF/ref=sr_1_65?dchild=1&keywords=laptop&qid=1622906609&sr=8-65
3.0 out of 5 stars,2,https://www.amazon.in//Lenovo-Touchscreen-LENOVO-THINKPAD-YOGA/dp/B08ZJFTZMJ/ref=sr_1_66?dchild=1&keywords=laptop&qid=1622906609&sr=8-66
4.3 out of 5 stars,57,https://www.amazon.in//HP-Processor-15-6-inch-Graphics-15s-eq0500AU/dp/B0928T2WQG/ref=sr_1_67?dchild=1&keywords=laptop&qid=1622906609&sr=8-67
3.7 out of 5 stars,766,https://www.amazon.in//Lenovo-Ideapad-Laptop-Windows-81WE004WIN/dp/B087D4K9RL/ref=sr_1_68?dchild=1&keywords=laptop&qid=1622906609&sr=8-68
4.3 out of 5 stars,66,https://www.amazon.in//gp/slredirect/picassoRedirect.html/ref=pa_sp_btf_aps_sr_pg4_1?ie=UTF8&adId=A06147281B634NYY06HOC&url=%2FLenovo-IdeaPad-39-62cms-Graphics-82EY00L9IN%2Fdp%2FB08SK27PKH%2Fref%3Dsr_1_69_sspa%3Fdchild%3D1%26keywords%3Dlaptop%26qid%3D1622906609%26sr%3D8-69-spons%26psc%3D1%26smid%3DA2W4R6KXCY4TRS&qualifier=1622906609&id=7132940820497888&widgetName=sp_btf
3.9 out of 5 stars,40,https://www.amazon.in//gp/slredirect/picassoRedirect.html/ref=pa_sp_btf_aps_sr_pg4_1?ie=UTF8&adId=A0614572D7E8PC50NNS2&url=%2FAcer-39-62cms-Generation-Windows-Graphics%2Fdp%2FB08SD5Z4K8%2Fref%3Dsr_1_70_sspa%3Fdchild%3D1%26keywords%3Dlaptop%26qid%3D1622906609%26sr%3D8-70-spons%26psc%3D1%26smid%3DA2W4R6KXCY4TRS&qualifier=1622906609&id=7132940820497888&widgetName=sp_btf
,N/A,https://www.amazon.in//gp/slredirect/picassoRedirect.html/ref=pa_sp_atf_next_aps_sr_pg5_1?ie=UTF8&adId=A06148841MIFDT6ED5Q04&url=%2FLenovo-15-6-inch-Windows-Graphics-81SY00SMIN%2Fdp%2FB08W8PD8PS%2Fref%3Dsr_1_65_sspa%3Fdchild%3D1%26keywords%3Dlaptop%26qid%3D1622906612%26sr%3D8-65-spons%26psc%3D1&qualifier=1622906612&id=6658808168469549&widgetName=sp_atf_next
2.4 out of 5 stars,4,https://www.amazon.in//gp/slredirect/picassoRedirect.html/ref=pa_sp_atf_next_aps_sr_pg5_1?ie=UTF8&adId=A09492009JFE91ZUDR9D&url=%2FMSI-i5-10210U-39-62cms-Windows-A10M-482IN%2Fdp%2FB08NTVZMWD%2Fref%3Dsr_1_66_sspa%3Fdchild%3D1%26keywords%3Dlaptop%26qid%3D1622906612%26sr%3D8-66-spons%26psc%3D1&qualifier=1622906612&id=6658808168469549&widgetName=sp_atf_next
3.5 out of 5 stars,3,https://www.amazon.in//Dell-Inspiron-i5-1135G7-Integrated-D560412WIN9S/dp/B093T2SC3W/ref=sr_1_67?dchild=1&keywords=laptop&qid=1622906612&sr=8-67
,N/A,https://www.amazon.in//Lenovo-E41-45-82BFS00200-Laptop-Warranty/dp/B091Q4N56W/ref=sr_1_68?dchild=1&keywords=laptop&qid=1622906612&sr=8-68
4.4 out of 5 stars,484,https://www.amazon.in//HP-Pavilion-Touchscreen-i3-10110U-14-dh1178tu/dp/B08GD95H1N/ref=sr_1_69?dchild=1&keywords=laptop&qid=1622906612&sr=8-69
2.6 out of 5 stars,19,https://www.amazon.in//Lenovo-IdeaPad-15-6-inch-Platinum-81W800DJIN/dp/B08PV3SSC1/ref=sr_1_70?dchild=1&keywords=laptop&qid=1622906612&sr=8-70
3.1 out of 5 stars,10,https://www.amazon.in//Lenovo-T420-i5-4-GB-500-GB-Integrated/dp/B07KYH14QV/ref=sr_1_71?dchild=1&keywords=laptop&qid=1622906612&sr=8-71
4.3 out of 5 stars,7,https://www.amazon.in//ASUS-M515DA-BQ501T-RyzenTM-15-6%E2%80%B3FHD-Windows/dp/B08CKRS42M/ref=sr_1_72?dchild=1&keywords=laptop&qid=1622906612&sr=8-72
3.8 out of 5 stars,278,https://www.amazon.in//VOSTRO-14inch-Ryzen-3-Graphics-D552134WIN9BE/dp/B08HQY7WH4/ref=sr_1_73?dchild=1&keywords=laptop&qid=1622906612&sr=8-73
5.0 out of 5 stars,1,https://www.amazon.in//Dell-Inspiron-R5-3450U-Graphics-D560432WIN9S/dp/B0919HGZXG/ref=sr_1_74?dchild=1&keywords=laptop&qid=1622906612&sr=8-74
3.7 out of 5 stars,131,https://www.amazon.in//gp/slredirect/picassoRedirect.html/ref=pa_sp_mtf_aps_sr_pg5_1?ie=UTF8&adId=A09497801US4CKURBRUYX&url=%2FASUS-VivoBook-i3-1005G1-Integrated-X415JA-EK312TS%2Fdp%2FB08JMSHVJW%2Fref%3Dsr_1_75_sspa%3Fdchild%3D1%26keywords%3Dlaptop%26qid%3D1622906612%26sr%3D8-75-spons%26psc%3D1&qualifier=1622906612&id=6658808168469549&widgetName=sp_mtf
3.3 out of 5 stars,72,https://www.amazon.in//gp/slredirect/picassoRedirect.html/ref=pa_sp_mtf_aps_sr_pg5_1?ie=UTF8&adId=A06221842FUL16YLZC01O&url=%2FLenovo-82C7A006IH-Windows-10-Integrated-Graphics%2Fdp%2FB08DHZS1XQ%2Fref%3Dsr_1_76_sspa%3Fdchild%3D1%26keywords%3Dlaptop%26qid%3D1622906612%26sr%3D8-76-spons%26psc%3D1%26smid%3DA2W4R6KXCY4TRS&qualifier=1622906612&id=6658808168469549&widgetName=sp_mtf
3.9 out of 5 stars,514,https://www.amazon.in//Lenovo-Ideapad-Windows-Graphics-81WJ002SIN/dp/B08696H3JD/ref=sr_1_77?dchild=1&keywords=laptop&qid=1622906612&sr=8-77
2.0 out of 5 stars,1,https://www.amazon.in//ASUS-Celeron-Dual-Core-X515MA-BR004T/dp/B094Y8L2G9/ref=sr_1_78?dchild=1&keywords=laptop&qid=1622906612&sr=8-78
,N/A,https://www.amazon.in//Lenovo-IdeaPad-15-6-inch-Windows-82EY00V1IN/dp/B094XBL1B1/ref=sr_1_79?dchild=1&keywords=laptop&qid=1622906612&sr=8-79
N/A,N/A,https://www.amazon.in//HP-Laptop-3K9U2PA-Windows-Warranty/dp/B095KJN2TT/ref=sr_1_80?dchild=1&keywords=laptop&qid=1622906612&sr=8-80
3.6 out of 5 stars,38,https://www.amazon.in//Lenovo-82C700D4IH-Laptop-Integrated-Graphics/dp/B08DHT9JSK/ref=sr_1_81?dchild=1&keywords=laptop&qid=1622906612&sr=8-81
,N/A,https://www.amazon.in//HP-245-G8-AMD-Ryzen/dp/B093L8FSP2/ref=sr_1_82?dchild=1&keywords=laptop&qid=1622906612&sr=8-82
3.7 out of 5 stars,94,https://www.amazon.in//HP-245-G8-AMD-Ryzen/dp/B092HMYLLN/ref=sr_1_83?dchild=1&keywords=laptop&qid=1622906612&sr=8-83
,N/A,https://www.amazon.in//HP-Processor-15-6-inch-Laptop-15s-fq2071TU/dp/B08XNZD56X/ref=sr_1_84?dchild=1&keywords=laptop&qid=1622906612&sr=8-84
4.3 out of 5 stars,338,https://www.amazon.in//gp/slredirect/picassoRedirect.html/ref=pa_sp_btf_aps_sr_pg5_1?ie=UTF8&adId=A061478414WINRGAYV9WF&url=%2FLenovo-15-6-inch-Windows-Graphics-81SY00UAIN%2Fdp%2FB094XL5V92%2Fref%3Dsr_1_85_sspa%3Fdchild%3D1%26keywords%3Dlaptop%26qid%3D1622906612%26sr%3D8-85-spons%26psc%3D1&qualifier=1622906612&id=6658808168469549&widgetName=sp_btf
5.0 out of 5 stars,1,https://www.amazon.in//gp/slredirect/picassoRedirect.html/ref=pa_sp_btf_aps_sr_pg5_1?ie=UTF8&adId=A06219041AD7G5COYGFAV&url=%2FAcer-i5-1035G1-Processor-Display-A514-53G%2Fdp%2FB08ND9ZS61%2Fref%3Dsr_1_86_sspa%3Fdchild%3D1%26keywords%3Dlaptop%26qid%3D1622906612%26sr%3D8-86-spons%26psc%3D1%26smid%3DA2W4R6KXCY4TRS&qualifier=1622906612&id=6658808168469549&widgetName=sp_btf
4.4 out of 5 stars,59,https://www.amazon.in//gp/slredirect/picassoRedirect.html/ref=pa_sp_atf_next_aps_sr_pg6_1?ie=UTF8&adId=A0622428DV1QC8L0ZINI&url=%2FLenovo-15-6-inch-Windows-Graphics-81SY00U6IN%2Fdp%2FB08QZH8L18%2Fref%3Dsr_1_81_sspa%3Fdchild%3D1%26keywords%3Dlaptop%26qid%3D1622906614%26sr%3D8-81-spons%26psc%3D1&qualifier=1622906614&id=6586802825539796&widgetName=sp_atf_next
4.2 out of 5 stars,120,https://www.amazon.in//gp/slredirect/picassoRedirect.html/ref=pa_sp_atf_next_aps_sr_pg6_1?ie=UTF8&adId=A09500601LDL8531G97ZK&url=%2FASUS-VivoBook-i3-1005G1-Integrated-X415JA-EK092TS%2Fdp%2FB08JMR2GXG%2Fref%3Dsr_1_82_sspa%3Fdchild%3D1%26keywords%3Dlaptop%26qid%3D1622906614%26sr%3D8-82-spons%26psc%3D1&qualifier=1622906614&id=6586802825539796&widgetName=sp_atf_next
3.0 out of 5 stars,111,https://www.amazon.in//Lenovo-Ideapad-Laptop-Windows-81W10052IN/dp/B087D454KV/ref=sr_1_83?dchild=1&keywords=laptop&qid=1622906614&sr=8-83
5.0 out of 5 stars,1,https://www.amazon.in//HP-Laptop-3Y665PA-i3-1115G4-Graphics/dp/B08ZYTQZCF/ref=sr_1_84?dchild=1&keywords=laptop&qid=1622906614&sr=8-84
4.4 out of 5 stars,183,https://www.amazon.in//ASUS-VivoBook-i5-1035G1-14-inch-S403JA-BM033TS/dp/B08BPNPW74/ref=sr_1_85?dchild=1&keywords=laptop&qid=1622906614&sr=8-85
3.7 out of 5 stars,44,https://www.amazon.in//Lenovo-14-inch-Laptop-Windows-82C4016PIH/dp/B08BXZLKN4/ref=sr_1_86?dchild=1&keywords=laptop&qid=1622906614&sr=8-86
3.5 out of 5 stars,15,https://www.amazon.in//Lenovo-V15-15-6-inch-Graphics-82C70017IH/dp/B08DYB7D8J/ref=sr_1_87?dchild=1&keywords=laptop&qid=1622906614&sr=8-87
4.1 out of 5 stars,67,https://www.amazon.in//Lenovo-Touchscreen-Fingerprint-Graphite-82HS008YIN/dp/B08W9WK8Q9/ref=sr_1_88?dchild=1&keywords=laptop&qid=1622906614&sr=8-88
4.1 out of 5 stars,"1,063",https://www.amazon.in//MI-Notebook-i5-10210U-Graphics-XMA1901-FK/dp/B08T9P4DQV/ref=sr_1_89?dchild=1&keywords=laptop&qid=1622906614&sr=8-89
2.0 out of 5 stars,4,https://www.amazon.in//Lenovo-E41-45-82BFS00300-A9-9425-Warranty/dp/B091NX3DRV/ref=sr_1_90?dchild=1&keywords=laptop&qid=1622906614&sr=8-90
4.3 out of 5 stars,10,https://www.amazon.in//gp/slredirect/picassoRedirect.html/ref=pa_sp_mtf_aps_sr_pg6_1?ie=UTF8&adId=A0614972W1TWT8WYRY75&url=%2FDell-Gaming-Laptop-Graphics-Windows%2Fdp%2FB08MQFBYYQ%2Fref%3Dsr_1_91_sspa%3Fdchild%3D1%26keywords%3Dlaptop%26qid%3D1622906614%26sr%3D8-91-spons%26psc%3D1&qualifier=1622906614&id=6586802825539796&widgetName=sp_mtf
4.1 out of 5 stars,124,https://www.amazon.in//gp/slredirect/picassoRedirect.html/ref=pa_sp_mtf_aps_sr_pg6_1?ie=UTF8&adId=A06222402E45VMNN5DQOD&url=%2FAcer-Nitro-Intel-Core-15-6-inch%2Fdp%2FB088FLYQJ9%2Fref%3Dsr_1_92_sspa%3Fdchild%3D1%26keywords%3Dlaptop%26qid%3D1622906614%26sr%3D8-92-spons%26psc%3D1%26smid%3DA2W4R6KXCY4TRS&qualifier=1622906614&id=6586802825539796&widgetName=sp_mtf
4.0 out of 5 stars,80,https://www.amazon.in//Microsoft-Touchscreen-Integrated-Graphics-VGY-00021/dp/B08692DXK2/ref=sr_1_93?dchild=1&keywords=laptop&qid=1622906614&sr=8-93
4.4 out of 5 stars,78,https://www.amazon.in//HP-14-inch-Windows-Natural-14s-fq1029AU/dp/B0928SZKL1/ref=sr_1_94?dchild=1&keywords=laptop&qid=1622906614&sr=8-94
,N/A,https://www.amazon.in//Renewed-Lenovo-Thinkpad-Laptop-Intel/dp/B095R6KNG7/ref=sr_1_95?dchild=1&keywords=laptop&qid=1622906614&sr=8-95
4.3 out of 5 stars,247,https://www.amazon.in//HP-Pavilion-Graphics-Keyboard-14-dv0054TU/dp/B08WBB369L/ref=sr_1_96?dchild=1&keywords=laptop&qid=1622906614&sr=8-96
4.1 out of 5 stars,9,https://www.amazon.in//HP-Processor-15-6-inch-Graphics-15s-dr3500TX/dp/B0928T6QM3/ref=sr_1_97?dchild=1&keywords=laptop&qid=1622906614&sr=8-97
3.2 out of 5 stars,24,https://www.amazon.in//LifeDigital-Laptop-Intel%C2%AE-Storage-Windows/dp/B08HRHFV23/ref=sr_1_98?dchild=1&keywords=laptop&qid=1622906614&sr=8-98
4.4 out of 5 stars,667,https://www.amazon.in//HP-14-DK0093AU-14-inch-Graphics/dp/B07THW9WFM/ref=sr_1_99?dchild=1&keywords=laptop&qid=1622906614&sr=8-99
3.7 out of 5 stars,57,https://www.amazon.in//HP-Notebook-245-G7-ATHLON-3050U/dp/B08TBVBKN5/ref=sr_1_100?dchild=1&keywords=laptop&qid=1622906614&sr=8-100
2.2 out of 5 stars,3,https://www.amazon.in//gp/slredirect/picassoRedirect.html/ref=pa_sp_btf_aps_sr_pg6_1?ie=UTF8&adId=A027961836NSUSREA754U&url=%2FRenewed-Fujitsu-Lifebook-Numeric-Keypad%2Fdp%2FB094XJVYYH%2Fref%3Dsr_1_101_sspa%3Fdchild%3D1%26keywords%3Dlaptop%26qid%3D1622906614%26sr%3D8-101-spons%26psc%3D1&qualifier=1622906614&id=6586802825539796&widgetName=sp_btf
3.3 out of 5 stars,6,https://www.amazon.in//gp/slredirect/picassoRedirect.html/ref=pa_sp_btf_aps_sr_pg6_1?ie=UTF8&adId=A0621748EJFKNC5C9G0M&url=%2FAcer-A514-53-i5-1035G1-processor-Graphics%2Fdp%2FB08GMR37BH%2Fref%3Dsr_1_102_sspa%3Fdchild%3D1%26keywords%3Dlaptop%26qid%3D1622906614%26sr%3D8-102-spons%26psc%3D1%26smid%3DA2W4R6KXCY4TRS&qualifier=1622906614&id=6586802825539796&widgetName=sp_btf
3.5 out of 5 stars,15,https://www.amazon.in//gp/slredirect/picassoRedirect.html/ref=pa_sp_atf_next_aps_sr_pg7_1?ie=UTF8&adId=A06220841UHG6RCXS9FFN&url=%2FAcer-A514-52G-i5-10210U-processor-Graphics%2Fdp%2FB08F3RL8TZ%2Fref%3Dsr_1_97_sspa%3Fdchild%3D1%26keywords%3Dlaptop%26qid%3D1622906617%26sr%3D8-97-spons%26psc%3D1&qualifier=1622906617&id=7173522491841420&widgetName=sp_atf_next
3.6 out of 5 stars,"1,495",https://www.amazon.in//Dell-i3-1005G1-Integrated-Graphics-D552124WIN9BE/dp/B08HYZ2HQR/ref=sr_1_98?dchild=1&keywords=laptop&qid=1622906617&sr=8-98
4.4 out of 5 stars,61,https://www.amazon.in//HP-15-6-inch-Laptop-i3-10110U-15s-du1064TU/dp/B08HJZLW96/ref=sr_1_99?dchild=1&keywords=laptop&qid=1622906617&sr=8-99
4.5 out of 5 stars,29,https://www.amazon.in//Lenovo-Graphics-Fingerprint-Aluminium-82FE00QLIN/dp/B095KP1TJM/ref=sr_1_100?dchild=1&keywords=laptop&qid=1622906617&sr=8-100
4.5 out of 5 stars,4,https://www.amazon.in//Lenovo-Ideapad-Graphics-Platinum-81W000RNIN/dp/B092MSVGH5/ref=sr_1_101?dchild=1&keywords=laptop&qid=1622906617&sr=8-101
,N/A,https://www.amazon.in//Renewed-Lenovo-Thinkpad-Laptop-Intel/dp/B095R6FXL9/ref=sr_1_102?dchild=1&keywords=laptop&qid=1622906617&sr=8-102
4.6 out of 5 stars,5,https://www.amazon.in//ASUS-VivoBook15-Integrated-15-6-inch-M515DA-BQ521T/dp/B08ZDX54L7/ref=sr_1_103?dchild=1&keywords=laptop&qid=1622906617&sr=8-103
3.7 out of 5 stars,68,https://www.amazon.in//HP-39-62cms-i5-1135G7-Graphics-15s-du3047TX/dp/B08PPZG85B/ref=sr_1_104?dchild=1&keywords=laptop&qid=1622906617&sr=8-104
4.4 out of 5 stars,143,https://www.amazon.in//Lenovo-39-62cms-Fingerprint-Platinum-81WE018TIN/dp/B08PV3L6WR/ref=sr_1_105?dchild=1&keywords=laptop&qid=1622906617&sr=8-105
3.7 out of 5 stars,474,https://www.amazon.in//Lenovo-IdeaPad-Windows-Platinum-81WE0144IN/dp/B08JCV81WK/ref=sr_1_106?dchild=1&keywords=laptop&qid=1622906617&sr=8-106
4.2 out of 5 stars,120,https://www.amazon.in//ASUS-VivoBook-i3-1005G1-Integrated-X415JA-EK092TS/dp/B08JMR2GXG/ref=sr_1_107?dchild=1&keywords=laptop&qid=1622906617&sr=8-107
4.4 out of 5 stars,214,https://www.amazon.in//Lenovo-ThinkPad-14-inch-Microsoft-20T6S0UQ00/dp/B0922KX1MX/ref=sr_1_108?dchild=1&keywords=laptop&qid=1622906617&sr=8-108
3.8 out of 5 stars,22,https://www.amazon.in//Dell-35-56cms-Display-Graphics-D552148WIN9DE/dp/B08X4P3ZDF/ref=sr_1_109?dchild=1&keywords=laptop&qid=1622906617&sr=8-109
,N/A,https://www.amazon.in//Lenovo-V15-ADA-82C700H4IH-Graphics-Warranty/dp/B092JGK73X/ref=sr_1_110?dchild=1&keywords=laptop&qid=1622906617&sr=8-110
3.2 out of 5 stars,5,https://www.amazon.in//Lenovo-D330-10IGM-Laptop-Tablet-Multi-Touch-81H3009TIN/dp/B08FQXNL4S/ref=sr_1_111?dchild=1&keywords=laptop&qid=1622906617&sr=8-111
2.6 out of 5 stars,3,https://www.amazon.in//Acer-Extensa-EX215-22-A7D9-NX-EG9SI-001-Graphics/dp/B08QG68JXS/ref=sr_1_112?dchild=1&keywords=laptop&qid=1622906617&sr=8-112
4.4 out of 5 stars,31,https://www.amazon.in//Lenovo-ThinkPad-Fingerprint-Aluminium-20TDS0A400/dp/B08Y922V7Q/ref=sr_1_113?dchild=1&keywords=laptop&qid=1622906617&sr=8-113
4.0 out of 5 stars,24,https://www.amazon.in//Dell-Inspiron-i3-1115G4-Integrated-D560446WIN9S/dp/B08X4NKYH5/ref=sr_1_113?dchild=1&keywords=laptop&qid=1622906620&sr=8-113
,N/A,https://www.amazon.in//Renewed-Dell-12-5-Inch-Windows-E7270-i5-16-256/dp/B08XWFRG1M/ref=sr_1_114?dchild=1&keywords=laptop&qid=1622906620&sr=8-114
3.9 out of 5 stars,342,https://www.amazon.in//Lenovo-Ideapad-Windows-Platinum-81WE00Q5IN/dp/B08CQ4HXT4/ref=sr_1_115?dchild=1&keywords=laptop&qid=1622906620&sr=8-115
4.2 out of 5 stars,19,https://www.amazon.in//Dell-Inspiron-i5-1135G7-Integrated-D560441WIN9BE/dp/B08X4NZFV2/ref=sr_1_116?dchild=1&keywords=laptop&qid=1622906620&sr=8-116
3.4 out of 5 stars,42,https://www.amazon.in//Lenovo-IdeaPad-15-6-inch-Platinum-81W800TEIN/dp/B08W8J4TQB/ref=sr_1_117?dchild=1&keywords=laptop&qid=1622906620&sr=8-117
4.0 out of 5 stars,442,https://www.amazon.in//AVITA-NS14A8INF562-MB-14-inch-i5-10210U-Graphics/dp/B08B26CXRT/ref=sr_1_118?dchild=1&keywords=laptop&qid=1622906620&sr=8-118
2.7 out of 5 stars,16,https://www.amazon.in//Lenovo-ThinkBook-14-14-inch-20SLA047IH/dp/B08KYRRMDF/ref=sr_1_119?dchild=1&keywords=laptop&qid=1622906620&sr=8-119
4.2 out of 5 stars,70,https://www.amazon.in//Dell-Inspiron-i5-1135G7-Graphics-D560367WIN9S/dp/B08M61GDYJ/ref=sr_1_120?dchild=1&keywords=laptop&qid=1622906620&sr=8-120
2.5 out of 5 stars,3,https://www.amazon.in//Lenovo-IdeaPad-81WE014JIN-Backpack-Repellent/dp/B08L5VD6WY/ref=sr_1_121?dchild=1&keywords=laptop&qid=1622906620&sr=8-121
3.6 out of 5 stars,197,https://www.amazon.in//Acer-Processor-Integrated-Graphics-Z2-485/dp/B08CY9SL14/ref=sr_1_122?dchild=1&keywords=laptop&qid=1622906620&sr=8-122
,N/A,https://www.amazon.in//Lenovo-Thinkcenter-Graphics-ThinkCenter-M72e/dp/B08T9734TD/ref=sr_1_123?dchild=1&keywords=laptop&qid=1622906620&sr=8-123
5.0 out of 5 stars,5,https://www.amazon.in//Dell-E6440-i5-4-GB-240-GB-Integrated/dp/B07LB7F39B/ref=sr_1_124?dchild=1&keywords=laptop&qid=1622906620&sr=8-124
,N/A,https://www.amazon.in//Renewed-HP-EliteBook-820-Laptop/dp/B091GQFCLK/ref=sr_1_125?dchild=1&keywords=laptop&qid=1622906620&sr=8-125
,N/A,https://www.amazon.in//Essential-NE14A2INC44A-CR-Celeron-N4020-Integrated-Graphics/dp/B08YRNVXN1/ref=sr_1_126?dchild=1&keywords=laptop&qid=1622906620&sr=8-126
4.6 out of 5 stars,25,https://www.amazon.in//LG-i7-1065G7-17-inch-2560X1600-Windows/dp/B08J3D2YHV/ref=sr_1_127?dchild=1&keywords=laptop&qid=1622906620&sr=8-127
3.0 out of 5 stars,18,https://www.amazon.in//Dell-Alienware-m15-R3-15-6-inch/dp/B08BZR715W/ref=sr_1_128?dchild=1&keywords=laptop&qid=1622906620&sr=8-128
1.6 out of 5 stars,3,https://www.amazon.in//Renewed-Dell-Latitude-Laptop-WEBCAM/dp/B08L5527XY/ref=sr_1_129?dchild=1&keywords=laptop&qid=1622906622&sr=8-129
1.0 out of 5 stars,1,https://www.amazon.in//Acer-Aspire-Laptop-Intel-Core/dp/B0937CXX8H/ref=sr_1_130?dchild=1&keywords=laptop&qid=1622906622&sr=8-130
,N/A,https://www.amazon.in//Acer-SF314-52-i5-8250U-Language-Integrated/dp/B07GLYTHZF/ref=sr_1_131?dchild=1&keywords=laptop&qid=1622906622&sr=8-131
,N/A,https://www.amazon.in//Renewed-Fujitsu-15-6-Inch-Windows-Graphics/dp/B091B86KWR/ref=sr_1_132?dchild=1&keywords=laptop&qid=1622906622&sr=8-132
4.3 out of 5 stars,533,https://www.amazon.in//Acer-15-6-inch-Graphics-Obsidian-AN515-55/dp/B088FLY29Z/ref=sr_1_133?dchild=1&keywords=laptop&qid=1622906622&sr=8-133
4.0 out of 5 stars,2,https://www.amazon.in//Dell-Inspiron-3501-Integrated-D560444WIN9S/dp/B093HCS6PR/ref=sr_1_134?dchild=1&keywords=laptop&qid=1622906622&sr=8-134
4.5 out of 5 stars,85,https://www.amazon.in//HP-Pavilion-Graphics-35-56cms-14-dv0058TU/dp/B08WB857GB/ref=sr_1_135?dchild=1&keywords=laptop&qid=1622906622&sr=8-135
4.4 out of 5 stars,64,https://www.amazon.in//Lenovo-Legion-Gaming-Windows-82AW005SIN/dp/B08CQ21154/ref=sr_1_136?dchild=1&keywords=laptop&qid=1622906622&sr=8-136
,N/A,https://www.amazon.in//Lenovo-Upgradable-Integrated-Graphics-Fingerprint/dp/B091N6JX1C/ref=sr_1_137?dchild=1&keywords=laptop&qid=1622906622&sr=8-137
,N/A,https://www.amazon.in//HP-Pavilion-Processor-15-6-inch-15-dk1148TX/dp/B091FJ5WPQ/ref=sr_1_138?dchild=1&keywords=laptop&qid=1622906622&sr=8-138
4.4 out of 5 stars,59,https://www.amazon.in//Lenovo-15-6-inch-Windows-Graphics-81SY00U6IN/dp/B08QZH8L18/ref=sr_1_139?dchild=1&keywords=laptop&qid=1622906622&sr=8-139
4.8 out of 5 stars,6,https://www.amazon.in//HP-35-56cms-i7-1165G7-Windows-14s-dr2007TU/dp/B08N57LR4X/ref=sr_1_140?dchild=1&keywords=laptop&qid=1622906622&sr=8-140
3.9 out of 5 stars,270,https://www.amazon.in//HP-35-56cms-i5-1135G7-Windows-14s-dr2006TU/dp/B08MX87JCW/ref=sr_1_141?dchild=1&keywords=laptop&qid=1622906622&sr=8-141
2.4 out of 5 stars,6,https://www.amazon.in//Lenovo-V15-15-6-inch-Windows-82C7001YIH/dp/B0897MV47X/ref=sr_1_142?dchild=1&keywords=laptop&qid=1622906622&sr=8-142
,N/A,https://www.amazon.in//MSI-i7-10750H-IPS-Level-Windows-10SDR-1280IN/dp/B093L8JCZV/ref=sr_1_143?dchild=1&keywords=laptop&qid=1622906622&sr=8-143
3.2 out of 5 stars,83,https://www.amazon.in//Lenovo-V145-AMD-A6-39-62cms-Windows-81MT006YIH/dp/B08N18DV1Z/ref=sr_1_144?dchild=1&keywords=laptop&qid=1622906622&sr=8-144
4.6 out of 5 stars,5,https://www.amazon.in//ASUS-VivoBook15-Integrated-15-6-inch-M515DA-BQ521T/dp/B08ZDX54L7/ref=sr_1_145?dchild=1&keywords=laptop&qid=1622906625&sr=8-145
3.8 out of 5 stars,93,https://www.amazon.in//HP-Chromebook-12b-ca0010TU-Touchscreen-Integrated/dp/B08C5WSTR6/ref=sr_1_146?dchild=1&keywords=laptop&qid=1622906625&sr=8-146
4.4 out of 5 stars,78,https://www.amazon.in//ASUS-VivoBook-i5-1135G7-Graphics-S433EA-AM502TS/dp/B08SNHVK6F/ref=sr_1_147?dchild=1&keywords=laptop&qid=1622906625&sr=8-147
,N/A,https://www.amazon.in//Lenovo-Graphics-Fingerprint-Aluminium-82LN00A3IN/dp/B095KMNZCW/ref=sr_1_148?dchild=1&keywords=laptop&qid=1622906625&sr=8-148
3.6 out of 5 stars,55,https://www.amazon.in//Dell-Inspiron-15-6-inch-Laptop-Graphics/dp/B08MB4PXCW/ref=sr_1_149?dchild=1&keywords=laptop&qid=1622906625&sr=8-149
,N/A,https://www.amazon.in//Renewed-HP-EliteBook-820-Laptop/dp/B091GQFCLK/ref=sr_1_150?dchild=1&keywords=laptop&qid=1622906625&sr=8-150
3.3 out of 5 stars,5,https://www.amazon.in//Inspiron-15-6-inch-Laptop-Graphics-Windows/dp/B08MQ1DCGX/ref=sr_1_151?dchild=1&keywords=laptop&qid=1622906625&sr=8-151
3.9 out of 5 stars,11,https://www.amazon.in//Acer-Windows-Graphic-A515-56-54FN-Display/dp/B08XMF2X8M/ref=sr_1_152?dchild=1&keywords=laptop&qid=1622906625&sr=8-152
3.9 out of 5 stars,72,https://www.amazon.in//Dell-i3-1005G1-Integrated-Graphics-D552126WIN9DE/dp/B08QMCMMPS/ref=sr_1_153?dchild=1&keywords=laptop&qid=1622906625&sr=8-153
3.8 out of 5 stars,147,https://www.amazon.in//Dell-Inspiron-Generation-Microsoft-998-ENDP/dp/B08NXRZJYR/ref=sr_1_154?dchild=1&keywords=laptop&qid=1622906625&sr=8-154
5.0 out of 5 stars,2,https://www.amazon.in//Lenovo-ThinkPad-Fingerprint-Aluminium-20TDS0A500/dp/B08Y929CPJ/ref=sr_1_155?dchild=1&keywords=laptop&qid=1622906625&sr=8-155
3.3 out of 5 stars,31,https://www.amazon.in//Dell-Inspiron-15-6-inch-Laptop-Graphics/dp/B08KWJ4G4R/ref=sr_1_156?dchild=1&keywords=laptop&qid=1622906625&sr=8-156
3.2 out of 5 stars,118,https://www.amazon.in//Dell-Inspiron-i3-1005G1-Integrated-D560299WIN9SE/dp/B08GY6GVFW/ref=sr_1_157?dchild=1&keywords=laptop&qid=1622906625&sr=8-157
,N/A,https://www.amazon.in//Lenovo-Upgradable-Integrated-Graphics-WARRANTY/dp/B092Z9G6S5/ref=sr_1_158?dchild=1&keywords=laptop&qid=1622906625&sr=8-158
4.3 out of 5 stars,10,https://www.amazon.in//HP-Pavilion-Laptop-Natural-13-bb0075TU/dp/B08V5WLM62/ref=sr_1_159?dchild=1&keywords=laptop&qid=1622906625&sr=8-159
,N/A,https://www.amazon.in//Lenovo-Ideapad-Graphics-Graphite-82FG0117IN/dp/B092MV9ZF6/ref=sr_1_160?dchild=1&keywords=laptop&qid=1622906625&sr=8-160
3.3 out of 5 stars,31,https://www.amazon.in//Dell-Inspiron-15-6-inch-Laptop-Graphics/dp/B08KWJ4G4R/ref=sr_1_161?dchild=1&keywords=laptop&qid=1622906627&sr=8-161
4.3 out of 5 stars,10,https://www.amazon.in//HP-Pavilion-Laptop-Natural-13-bb0075TU/dp/B08V5WLM62/ref=sr_1_162?dchild=1&keywords=laptop&qid=1622906627&sr=8-162
,N/A,https://www.amazon.in//Lenovo-Ideapad-Graphics-Graphite-82FG0117IN/dp/B092MV9ZF6/ref=sr_1_163?dchild=1&keywords=laptop&qid=1622906627&sr=8-163
,N/A,https://www.amazon.in//HP-240-G8-3D0J1PA-I3-1005G1/dp/B08ZXR8ZRP/ref=sr_1_164?dchild=1&keywords=laptop&qid=1622906627&sr=8-164
3.2 out of 5 stars,118,https://www.amazon.in//Dell-Inspiron-i3-1005G1-Integrated-D560299WIN9SE/dp/B08GY6GVFW/ref=sr_1_165?dchild=1&keywords=laptop&qid=1622906627&sr=8-165
4.0 out of 5 stars,1,https://www.amazon.in//Lenovo-IdeaPad-Platinum-Extended-Warranty/dp/B08L5VTX26/ref=sr_1_166?dchild=1&keywords=laptop&qid=1622906627&sr=8-166
3.7 out of 5 stars,332,https://www.amazon.in//ASUS-VivoBook-i3-1005G1-Integrated-X409JA-EK011T/dp/B08BV8CBC9/ref=sr_1_167?dchild=1&keywords=laptop&qid=1622906627&sr=8-167
2.9 out of 5 stars,6,https://www.amazon.in//Lenovo-Ideapad-Graphics-Platinum-81VD00EQIN/dp/B08MCD1R86/ref=sr_1_168?dchild=1&keywords=laptop&qid=1622906627&sr=8-168
3.7 out of 5 stars,29,https://www.amazon.in//ASUS-VivoBook-i5-1035G1-Graphics-X415JF-EK522TS/dp/B08JMMP9XJ/ref=sr_1_169?dchild=1&keywords=laptop&qid=1622906627&sr=8-169
3.7 out of 5 stars,135,https://www.amazon.in//HP-Processor-39-62cms-i3-1115G4-15s-du3038TU/dp/B08S3MGDS3/ref=sr_1_170?dchild=1&keywords=laptop&qid=1622906627&sr=8-170
,N/A,https://www.amazon.in//Lenovo-Upgradable-Integrated-Graphics-Fingerprint/dp/B091N5QN1S/ref=sr_1_171?dchild=1&keywords=laptop&qid=1622906627&sr=8-171
4.2 out of 5 stars,35,https://www.amazon.in//LG-i5-1035G7-14-inch-1920X1080-Windows/dp/B08J42VSL6/ref=sr_1_172?dchild=1&keywords=laptop&qid=1622906627&sr=8-172
3.5 out of 5 stars,15,https://www.amazon.in//Dell-Inspiron-3501-15-6-inch-Graphics/dp/B08R3Y9WP3/ref=sr_1_173?dchild=1&keywords=laptop&qid=1622906627&sr=8-173
4.1 out of 5 stars,56,https://www.amazon.in//HP-Pavilion-Touchscreen-Convertible-14-dw1036TU/dp/B08SRDW9ZT/ref=sr_1_174?dchild=1&keywords=laptop&qid=1622906627&sr=8-174
N/A,N/A,https://www.amazon.in//DELL-Latitude-3500-15-6-inch-Laptop/dp/B084GTZYR3/ref=sr_1_175?dchild=1&keywords=laptop&qid=1622906627&sr=8-175
4.4 out of 5 stars,109,https://www.amazon.in//HP-Pavilion-DK0271TX-15-6-inch-i5-9300H/dp/B08GD72H1H/ref=sr_1_176?dchild=1&keywords=laptop&qid=1622906627&sr=8-176
,N/A,https://www.amazon.in//ASUS-VivoBook-Ultra-Core-10th/dp/B094YWVM12/ref=sr_1_177?dchild=1&keywords=laptop&qid=1622906630&sr=8-177
3.8 out of 5 stars,3,https://www.amazon.in//Vivobook-X515MA-EJ101T-PQC-N5030-TRANSPARENT-International/dp/B08WLYZVSF/ref=sr_1_178?dchild=1&keywords=laptop&qid=1622906630&sr=8-178
4.4 out of 5 stars,41,https://www.amazon.in//HP-Pavilion-Touchscreen-Convertible-14-dw1037TU/dp/B08SRC4JMD/ref=sr_1_179?dchild=1&keywords=laptop&qid=1622906630&sr=8-179
,N/A,https://www.amazon.in//Renewed-Fujitsu-Lifebook-Numeric-Keypad/dp/B094WZSCDM/ref=sr_1_180?dchild=1&keywords=laptop&qid=1622906630&sr=8-180
3.4 out of 5 stars,91,https://www.amazon.in//ASUS-VivoBook-i3-1005G1-Integrated-X515JA-EJ301T/dp/B08PQVXSVK/ref=sr_1_181?dchild=1&keywords=laptop&qid=1622906630&sr=8-181
3.9 out of 5 stars,82,https://www.amazon.in//Dell-Inspiron-i5-1135G7-Graphics-D560363WIN9PE/dp/B08LNBRKQY/ref=sr_1_182?dchild=1&keywords=laptop&qid=1622906630&sr=8-182
3.0 out of 5 stars,2,https://www.amazon.in//HP-Commercial-Laptop-Windows-3Y666PA/dp/B0913DBMV8/ref=sr_1_183?dchild=1&keywords=laptop&qid=1622906630&sr=8-183
3.9 out of 5 stars,61,https://www.amazon.in//Dell-Inspiron-i3-1115G4-Integrated-D560365WIN9S/dp/B08MPVWYBQ/ref=sr_1_184?dchild=1&keywords=laptop&qid=1622906630&sr=8-184
3.0 out of 5 stars,399,https://www.amazon.in//Acer-Aspire-Intel-Core-i3-10th/dp/B088CFBQFN/ref=sr_1_185?dchild=1&keywords=laptop&qid=1622906630&sr=8-185
4.1 out of 5 stars,16,https://www.amazon.in//HP-35-56cms-Windows-Natural-14s-cf3028TU/dp/B08QSVVC7W/ref=sr_1_186?dchild=1&keywords=laptop&qid=1622906630&sr=8-186
3.8 out of 5 stars,104,https://www.amazon.in//Lenovo-Ideapad-Graphics-Platinum-81WB00ANIN/dp/B087D41JFB/ref=sr_1_187?dchild=1&keywords=laptop&qid=1622906630&sr=8-187
4.2 out of 5 stars,50,https://www.amazon.in//Dell-Inspiron-3501-i5-1135G7-Graphics/dp/B08QCKPLZX/ref=sr_1_188?dchild=1&keywords=laptop&qid=1622906630&sr=8-188
,N/A,https://www.amazon.in//Lenovo-Ideapad-Windows-Graphics-81Y400E1IN/dp/B08BSGG6V9/ref=sr_1_189?dchild=1&keywords=laptop&qid=1622906630&sr=8-189
3.9 out of 5 stars,11,https://www.amazon.in//Dell-Inspiron-3501-15-6-inch-i5-1135G7/dp/B08QN1RFSS/ref=sr_1_190?dchild=1&keywords=laptop&qid=1622906630&sr=8-190
4.3 out of 5 stars,124,https://www.amazon.in//Lenovo-ThinkPad-Fingerprint-Aluminium-20TDS0A200/dp/B08Y938BLK/ref=sr_1_191?dchild=1&keywords=laptop&qid=1622906630&sr=8-191
,N/A,https://www.amazon.in//HP-Commercial-Laptop-Professional-3Y668PA/dp/B092ZZR8JH/ref=sr_1_192?dchild=1&keywords=laptop&qid=1622906630&sr=8-192
,N/A,https://www.amazon.in//Dell-14-5-Inch-1366x768-DellLatitude-E5450_cr/dp/B08RSGDTDT/ref=sr_1_193?dchild=1&keywords=laptop&qid=1622906633&sr=8-193
2.4 out of 5 stars,9,https://www.amazon.in//Acer-SP111-11-6-inch-Integrated-Graphics/dp/B07QT9Z7ZV/ref=sr_1_194?dchild=1&keywords=laptop&qid=1622906633&sr=8-194
3.7 out of 5 stars,26,https://www.amazon.in//Dell-Inspiron-i5-1135G7-Integrated-D560401WIN9BE/dp/B08MPXD3YD/ref=sr_1_195?dchild=1&keywords=laptop&qid=1622906633&sr=8-195
,N/A,https://www.amazon.in//Renewed-Lenovo-Thinkpad-Laptop-Intel/dp/B095RXFG38/ref=sr_1_196?dchild=1&keywords=laptop&qid=1622906633&sr=8-196
4.2 out of 5 stars,15,https://www.amazon.in//HP-Laptop-14-Inch-Windows-dy2501tu/dp/B093VZC5X9/ref=sr_1_197?dchild=1&keywords=laptop&qid=1622906633&sr=8-197
,N/A,https://www.amazon.in//Lenovo-Upgradable-Integrated-Graphics-Fingerprint/dp/B091N5QN1S/ref=sr_1_198?dchild=1&keywords=laptop&qid=1622906633&sr=8-198
2.9 out of 5 stars,7,https://www.amazon.in//Renewed-Lenovo-Ideapad-15-6-inch-81MV0094IN/dp/B07TYJP367/ref=sr_1_199?dchild=1&keywords=laptop&qid=1622906633&sr=8-199
3.6 out of 5 stars,6,https://www.amazon.in//Dell-Gaming-Display-Laptop-Silver/dp/B08X4NF6M4/ref=sr_1_200?dchild=1&keywords=laptop&qid=1622906633&sr=8-200
3.4 out of 5 stars,61,https://www.amazon.in//Lenovo-Ideapad-Laptop-Windows-81UT00J7IN/dp/B087D2TWRR/ref=sr_1_201?dchild=1&keywords=laptop&qid=1622906633&sr=8-201
4.3 out of 5 stars,50,https://www.amazon.in//HP-Laptop-15-6-Inch-Windows-15s-eq2040au/dp/B093Q3R1VV/ref=sr_1_202?dchild=1&keywords=laptop&qid=1622906633&sr=8-202
4.4 out of 5 stars,55,https://www.amazon.in//Lenovo-ThinkPad-14-inch-Laptop-20RAS0SA00/dp/B086R59G96/ref=sr_1_203?dchild=1&keywords=laptop&qid=1622906633&sr=8-203
2.9 out of 5 stars,12,https://www.amazon.in//Acer-i3-1005G1-Integrated-Graphics-EX215-22/dp/B08T69P9ZF/ref=sr_1_204?dchild=1&keywords=laptop&qid=1622906633&sr=8-204
3.9 out of 5 stars,11,https://www.amazon.in//Dell-Inspiron-3501-15-6-inch-i5-1135G7/dp/B08QN1RFSS/ref=sr_1_205?dchild=1&keywords=laptop&qid=1622906633&sr=8-205
3.1 out of 5 stars,70,https://www.amazon.in//Lenovo-IdeaPad-Windows10-Platinum-81VD00EFIN/dp/B08GG84WDW/ref=sr_1_206?dchild=1&keywords=laptop&qid=1622906633&sr=8-206
4.2 out of 5 stars,50,https://www.amazon.in//Dell-Inspiron-3501-i5-1135G7-Graphics/dp/B08QCKPLZX/ref=sr_1_207?dchild=1&keywords=laptop&qid=1622906633&sr=8-207
3.8 out of 5 stars,15,https://www.amazon.in//HP-Pavilion-Processor-15-6-inch-15-dk1509TX/dp/B08ZN7GBQ5/ref=sr_1_208?dchild=1&keywords=laptop&qid=1622906633&sr=8-208
5.0 out of 5 stars,4,https://www.amazon.in//Dell-Inspiron-Integrated-Graphics-D560379WIN9S/dp/B08MPYV6N6/ref=sr_1_209?dchild=1&keywords=laptop&qid=1622906636&sr=8-209
4.0 out of 5 stars,49,https://www.amazon.in//Microsoft-STQ-00013-10-1-inch-Processor-Graphics/dp/B08DHHB2W1/ref=sr_1_210?dchild=1&keywords=laptop&qid=1622906636&sr=8-210
4.4 out of 5 stars,508,https://www.amazon.in//HP-Laptop-Windows-Natural-14s-cr2000tu/dp/B08428CSZF/ref=sr_1_211?dchild=1&keywords=laptop&qid=1622906636&sr=8-211
4.3 out of 5 stars,50,https://www.amazon.in//ASUS-i3-1115G4-15-6-inch-Integrated-X513EA-BQ311TS/dp/B08PQPQ4BX/ref=sr_1_212?dchild=1&keywords=laptop&qid=1622906636&sr=8-212
4.5 out of 5 stars,14,https://www.amazon.in//HP-Touchscreen-Computer-Quad-Core-Bluetooth/dp/B07WCTR386/ref=sr_1_213?dchild=1&keywords=laptop&qid=1622906636&sr=8-213
4.5 out of 5 stars,225,https://www.amazon.in//HP-Pavilion-2-1-Touch-Screen/dp/B07QRZJRKK/ref=sr_1_214?dchild=1&keywords=laptop&qid=1622906636&sr=8-214
3.9 out of 5 stars,97,https://www.amazon.in//HP-14-inch-i3-1005G1-Natural-14s-er0004TU/dp/B08HHB9Q2M/ref=sr_1_215?dchild=1&keywords=laptop&qid=1622906636&sr=8-215
2.8 out of 5 stars,16,https://www.amazon.in//NS12T5IN002P-12-2-inch-Touchscreen-Integrated-Graphics/dp/B07NQKHHZC/ref=sr_1_216?dchild=1&keywords=laptop&qid=1622906636&sr=8-216
,N/A,https://www.amazon.in//Renewed-HP-Pavilion-Touchscreen-14-dh1007TU/dp/B07ZF2YCMX/ref=sr_1_217?dchild=1&keywords=laptop&qid=1622906636&sr=8-217
,N/A,https://www.amazon.in//Renewed-Dell-12-5-Inch-DELL-LATITUDE/dp/B08ZJG7JLV/ref=sr_1_218?dchild=1&keywords=laptop&qid=1622906636&sr=8-218
,N/A,https://www.amazon.in//Renewed-HP-PROBOOK-440-G3/dp/B08XWG6NVV/ref=sr_1_219?dchild=1&keywords=laptop&qid=1622906636&sr=8-219
3.1 out of 5 stars,40,https://www.amazon.in//INSPIRON-Laptop-Ryzen-3-Graphics-D560335WIN9S/dp/B08HQ63PCW/ref=sr_1_220?dchild=1&keywords=laptop&qid=1622906636&sr=8-220
3.2 out of 5 stars,54,https://www.amazon.in//Lenovo-14-inch-Laptop-Windows-82C4016SIH/dp/B08BXZXVV5/ref=sr_1_221?dchild=1&keywords=laptop&qid=1622906636&sr=8-221
3.7 out of 5 stars,76,https://www.amazon.in//Lenovo-V15-Windows-Graphics-82C7003PIH/dp/B08HJJKDSH/ref=sr_1_222?dchild=1&keywords=laptop&qid=1622906636&sr=8-222
3.9 out of 5 stars,77,https://www.amazon.in//Dell-15-6-inch-i5-10300H-NVIDIA1650-D560253HIN9BE/dp/B08H9W26LF/ref=sr_1_223?dchild=1&keywords=laptop&qid=1622906636&sr=8-223
4.1 out of 5 stars,128,https://www.amazon.in//Lenovo-ThinkPad-Fingerprint-Aluminium-20TDS0AB00/dp/B08Y927FK4/ref=sr_1_224?dchild=1&keywords=laptop&qid=1622906636&sr=8-224
,N/A,https://www.amazon.in//Renewed-Lenovo-Thinkpad-Laptop-Intel/dp/B095RWQMLT/ref=sr_1_225?dchild=1&keywords=laptop&qid=1622906639&sr=8-225
4.3 out of 5 stars,50,https://www.amazon.in//ASUS-i3-1115G4-15-6-inch-Integrated-X513EA-BQ311TS/dp/B08PQPQ4BX/ref=sr_1_226?dchild=1&keywords=laptop&qid=1622906639&sr=8-226
4.5 out of 5 stars,14,https://www.amazon.in//HP-Touchscreen-Computer-Quad-Core-Bluetooth/dp/B07WCTR386/ref=sr_1_227?dchild=1&keywords=laptop&qid=1622906639&sr=8-227
4.5 out of 5 stars,225,https://www.amazon.in//HP-Pavilion-2-1-Touch-Screen/dp/B07QRZJRKK/ref=sr_1_228?dchild=1&keywords=laptop&qid=1622906639&sr=8-228
,N/A,https://www.amazon.in//Renewed-Lenovo-Thinkpad-Laptop-Intel/dp/B095RXFG38/ref=sr_1_229?dchild=1&keywords=laptop&qid=1622906639&sr=8-229
3.9 out of 5 stars,97,https://www.amazon.in//HP-14-inch-i3-1005G1-Natural-14s-er0004TU/dp/B08HHB9Q2M/ref=sr_1_230?dchild=1&keywords=laptop&qid=1622906639&sr=8-230
2.8 out of 5 stars,16,https://www.amazon.in//NS12T5IN002P-12-2-inch-Touchscreen-Integrated-Graphics/dp/B07NQKHHZC/ref=sr_1_231?dchild=1&keywords=laptop&qid=1622906639&sr=8-231
N/A,N/A,https://www.amazon.in//Dell-Inspiron-5491-i3-10110U-14/dp/B091SYG8K3/ref=sr_1_232?dchild=1&keywords=laptop&qid=1622906639&sr=8-232
,N/A,https://www.amazon.in//Renewed-HP-Pavilion-Touchscreen-14-dh1007TU/dp/B07ZF2YCMX/ref=sr_1_233?dchild=1&keywords=laptop&qid=1622906639&sr=8-233
,N/A,https://www.amazon.in//Renewed-Dell-14-Inch-1366x768-LATITUDE/dp/B08TX3HVMF/ref=sr_1_234?dchild=1&keywords=laptop&qid=1622906639&sr=8-234
3.1 out of 5 stars,40,https://www.amazon.in//INSPIRON-Laptop-Ryzen-3-Graphics-D560335WIN9S/dp/B08HQ63PCW/ref=sr_1_235?dchild=1&keywords=laptop&qid=1622906639&sr=8-235
3.2 out of 5 stars,54,https://www.amazon.in//Lenovo-14-inch-Laptop-Windows-82C4016SIH/dp/B08BXZXVV5/ref=sr_1_236?dchild=1&keywords=laptop&qid=1622906639&sr=8-236
3.7 out of 5 stars,76,https://www.amazon.in//Lenovo-V15-Windows-Graphics-82C7003PIH/dp/B08HJJKDSH/ref=sr_1_237?dchild=1&keywords=laptop&qid=1622906639&sr=8-237
3.9 out of 5 stars,77,https://www.amazon.in//Dell-15-6-inch-i5-10300H-NVIDIA1650-D560253HIN9BE/dp/B08H9W26LF/ref=sr_1_238?dchild=1&keywords=laptop&qid=1622906639&sr=8-238
4.1 out of 5 stars,128,https://www.amazon.in//Lenovo-ThinkPad-Fingerprint-Aluminium-20TDS0AB00/dp/B08Y927FK4/ref=sr_1_239?dchild=1&keywords=laptop&qid=1622906639&sr=8-239
3.3 out of 5 stars,22,https://www.amazon.in//Vivobook-M515DA-EJ001T-RadeonTM-Integrated-Graphics/dp/B08Q6B4X7N/ref=sr_1_240?dchild=1&keywords=laptop&qid=1622906639&sr=8-240
5.0 out of 5 stars,2,https://www.amazon.in//Lenovo-Laptop-512SSD-Graphics-82A3009RIN/dp/B092MRNLLF/ref=sr_1_241?dchild=1&keywords=laptop&qid=1622906641&sr=8-241
,N/A,https://www.amazon.in//Dell-Inspiron-i5-1135G7-Integrated-D560375WIN9S/dp/B08QMLZR7G/ref=sr_1_242?dchild=1&keywords=laptop&qid=1622906641&sr=8-242
,N/A,https://www.amazon.in//Renewed-Dell-1366x768-Graphics-Lattitude/dp/B08RS41X61/ref=sr_1_243?dchild=1&keywords=laptop&qid=1622906641&sr=8-243
4.3 out of 5 stars,16,https://www.amazon.in//Dell-Inspiron-Core-Windows-Office/dp/B08MPWR1JR/ref=sr_1_244?dchild=1&keywords=laptop&qid=1622906641&sr=8-244
,N/A,https://www.amazon.in//Renewed-Fujitsu-15-6-Inch-Windows-Graphics/dp/B091B5H5KW/ref=sr_1_245?dchild=1&keywords=laptop&qid=1622906641&sr=8-245
4.7 out of 5 stars,8,https://www.amazon.in//Acer-Travelmate-TMP214-52-i5-10210U-Graphics/dp/B08GMRC61Z/ref=sr_1_246?dchild=1&keywords=laptop&qid=1622906641&sr=8-246
,N/A,https://www.amazon.in//Renewed-Dell-15-6-Inch-DELL-LATITUDE/dp/B08ZJDZ2KY/ref=sr_1_247?dchild=1&keywords=laptop&qid=1622906641&sr=8-247
,N/A,https://www.amazon.in//Renewed-HP-6570b-Probook-Numeric/dp/B082Q1FQHB/ref=sr_1_248?dchild=1&keywords=laptop&qid=1622906641&sr=8-248
,N/A,https://www.amazon.in//Renewed-Lenovo-T440p-Thinkpad-Screen/dp/B082F3FDPM/ref=sr_1_249?dchild=1&keywords=laptop&qid=1622906641&sr=8-249
,N/A,https://www.amazon.in//Renewed-Lenovo-Laptop-Graphics-82A3009RIN/dp/B096L8YM4S/ref=sr_1_250?dchild=1&keywords=laptop&qid=1622906641&sr=8-250
,N/A,https://www.amazon.in//Lenovo-Thinkpad-Workstation-Professional-20Y2S0DD00/dp/B095KJQXDZ/ref=sr_1_251?dchild=1&keywords=laptop&qid=1622906641&sr=8-251
2.5 out of 5 stars,4,https://www.amazon.in//LifeDigital-Laptop-Intel%C2%AE-Storage-Windows/dp/B08HRK3CD9/ref=sr_1_252?dchild=1&keywords=laptop&qid=1622906641&sr=8-252
3.6 out of 5 stars,23,https://www.amazon.in//Microsoft-i5-1035G1-Touchscreen-Graphics-THH-00023/dp/B08SX5XVBK/ref=sr_1_253?dchild=1&keywords=laptop&qid=1622906641&sr=8-253
3.6 out of 5 stars,57,https://www.amazon.in//Acer-Display-Notebook-Integrated-Graphics/dp/B08M41X3SK/ref=sr_1_254?dchild=1&keywords=laptop&qid=1622906641&sr=8-254
3.9 out of 5 stars,10,https://www.amazon.in//Lenovo-IdeaPad-39-62cms-Graphics-81LK01QNIN/dp/B08WRL9GQW/ref=sr_1_255?dchild=1&keywords=laptop&qid=1622906641&sr=8-255
1.7 out of 5 stars,3,https://www.amazon.in//ASUS-i3-1005G1-Office-X515JA-EJ302TS-Transparent/dp/B08QDL9GVM/ref=sr_1_256?dchild=1&keywords=laptop&qid=1622906641&sr=8-256
4.6 out of 5 stars,44,https://www.amazon.in//HP-Pavilion-15-6-inch-5-4600H-15-ec1050AX/dp/B08CZ2KNS6/ref=sr_1_257?dchild=1&keywords=laptop&qid=1622906644&sr=8-257
4.6 out of 5 stars,267,https://www.amazon.in//Lenovo-Windows-Graphics-Phantom-82B500MMIN/dp/B08JLR7LPQ/ref=sr_1_258?dchild=1&keywords=laptop&qid=1622906644&sr=8-258
4.2 out of 5 stars,9,https://www.amazon.in//Dell-Inspiron-3501-15-6-inch-i5-1135G7/dp/B08VRSHJKL/ref=sr_1_259?dchild=1&keywords=laptop&qid=1622906644&sr=8-259
,N/A,https://www.amazon.in//Lenovo-ThinkPad-Performance-Integrated-Graphics/dp/B08X2NF5KL/ref=sr_1_260?dchild=1&keywords=laptop&qid=1622906644&sr=8-260
4.3 out of 5 stars,64,https://www.amazon.in//HP-Touchscreen-Computer-i3-1005G1-Accessories/dp/B08B3WSH79/ref=sr_1_261?dchild=1&keywords=laptop&qid=1622906644&sr=8-261
1.0 out of 5 stars,1,https://www.amazon.in//Renewed-Lenovo-Windows10-Platinum-81WE00RVIN/dp/B08JCLP9QW/ref=sr_1_262?dchild=1&keywords=laptop&qid=1622906644&sr=8-262
3.6 out of 5 stars,25,https://www.amazon.in//Lenovo-IdeaPad-Windows10-Platinum-81WE00RNIN/dp/B08DY8LRLM/ref=sr_1_263?dchild=1&keywords=laptop&qid=1622906644&sr=8-263
N/A,N/A,https://www.amazon.in//Renewed-HP-Probook-Integrated-Graphics/dp/B095MBSJN9/ref=sr_1_264?dchild=1&keywords=laptop&qid=1622906644&sr=8-264
4.0 out of 5 stars,"2,058",https://www.amazon.in//HP-du2069TU-15-6-inch-Laptop-i3-1005G1/dp/B087S3FPDG/ref=sr_1_265?dchild=1&keywords=laptop&qid=1622906644&sr=8-265
3.7 out of 5 stars,5,https://www.amazon.in//Renewed-Lenovo-ThinkPad-Integrated-Graphics/dp/B08S78VSZZ/ref=sr_1_266?dchild=1&keywords=laptop&qid=1622906644&sr=8-266
,N/A,https://www.amazon.in//Lenovo-Upgradable-Integrated-Graphics-WARRANTY/dp/B092Z8CRQ8/ref=sr_1_267?dchild=1&keywords=laptop&qid=1622906644&sr=8-267
5.0 out of 5 stars,1,https://www.amazon.in//Renewed-AVITA-NS14A8INW561-SSA-14-inch-Graphics/dp/B08MQC2YRX/ref=sr_1_268?dchild=1&keywords=laptop&qid=1622906644&sr=8-268
3.2 out of 5 stars,167,https://www.amazon.in//HP-db1059au-15-6-inch-Graphics-Natural/dp/B085YCHVKG/ref=sr_1_269?dchild=1&keywords=laptop&qid=1622906644&sr=8-269
3.2 out of 5 stars,22,https://www.amazon.in//Inspiron-7490-i5-10210U-Microsoft-Graphics/dp/B0842Z99KY/ref=sr_1_270?dchild=1&keywords=laptop&qid=1622906644&sr=8-270
,N/A,https://www.amazon.in//Dell-E6440-i5-4-GB-1-TB-Integrated/dp/B07LB7F4G1/ref=sr_1_271?dchild=1&keywords=laptop&qid=1622906644&sr=8-271
4.3 out of 5 stars,696,https://www.amazon.in//HP-Pavilion-Processor-15-6-inch-15-dk1508TX/dp/B08ZN6KNP1/ref=sr_1_272?dchild=1&keywords=laptop&qid=1622906644&sr=8-272
5.0 out of 5 stars,1,https://www.amazon.in//Lenovo-Thinkpad-Integrated-Graphics-Advanced/dp/B08S7H845T/ref=sr_1_273?dchild=1&keywords=laptop&qid=1622906648&sr=8-273
4.1 out of 5 stars,6,https://www.amazon.in//Lenovo-15-6-inch-Laptop-Windows-82C500RQIH/dp/B08M6BDX2B/ref=sr_1_274?dchild=1&keywords=laptop&qid=1622906648&sr=8-274
N/A,N/A,https://www.amazon.in//INSPIRON-15inch-Ryzen-5-Graphics-D560350WIN9SL/dp/B08HQ63PBZ/ref=sr_1_275?dchild=1&keywords=laptop&qid=1622906648&sr=8-275
3.8 out of 5 stars,6,https://www.amazon.in//Graphics-i9-9980HK-Professional-Aluminum-G703GXR-EV078R/dp/B07RVXTMYQ/ref=sr_1_276?dchild=1&keywords=laptop&qid=1622906648&sr=8-276
,N/A,https://www.amazon.in//Dell-Latitude-Upgradable-Integrated-Graphics/dp/B094146DDQ/ref=sr_1_277?dchild=1&keywords=laptop&qid=1622906648&sr=8-277
4.1 out of 5 stars,44,https://www.amazon.in//Lenovo-Touchscreen-Windows10-Graphite-81X100NCIN/dp/B08JCNW4CP/ref=sr_1_278?dchild=1&keywords=laptop&qid=1622906648&sr=8-278
4.4 out of 5 stars,3,https://www.amazon.in//ASUS-VivoBook15-i3-1115G4-15-6-inch-X515EA-EJ312TS/dp/B0916C2XM3/ref=sr_1_279?dchild=1&keywords=laptop&qid=1622906648&sr=8-279
3.3 out of 5 stars,20,https://www.amazon.in//HP-Laptop-Core-DVDRW-Win10/dp/B08DMG6S5R/ref=sr_1_280?dchild=1&keywords=laptop&qid=1622906648&sr=8-280
4.2 out of 5 stars,324,https://www.amazon.in//HP-Pavilion-15-6-inch-5-4600H-15-ec1024AX/dp/B08CZ2KNS4/ref=sr_1_281?dchild=1&keywords=laptop&qid=1622906648&sr=8-281
3.6 out of 5 stars,20,https://www.amazon.in//HP-Pavilion-Touchscreen-Convertible-14-dw1040TU/dp/B08R843NHL/ref=sr_1_282?dchild=1&keywords=laptop&qid=1622906648&sr=8-282
4.2 out of 5 stars,136,https://www.amazon.in//HP-Laptop-i3-1005G1-Windows-du2067tu/dp/B08DW72CKS/ref=sr_1_283?dchild=1&keywords=laptop&qid=1622906648&sr=8-283
3.8 out of 5 stars,97,https://www.amazon.in//HP-14-inch-5-3500U-Graphics-2D5Y6PA/dp/B08L3JR736/ref=sr_1_284?dchild=1&keywords=laptop&qid=1622906648&sr=8-284
3.6 out of 5 stars,19,https://www.amazon.in//Dell-Inspiron-i5-1135G7-Graphics-D560364WIN9S/dp/B08M5PFY5F/ref=sr_1_285?dchild=1&keywords=laptop&qid=1622906648&sr=8-285
2.8 out of 5 stars,2,https://www.amazon.in//Renewed-Lenovo-Thinkpad-Hybrid-Laptop/dp/B08MLN5VFM/ref=sr_1_286?dchild=1&keywords=laptop&qid=1622906648&sr=8-286
,N/A,https://www.amazon.in//Renewed-Lenovo-LENOVO-THINKPAD-L460/dp/B08XWJ8VWH/ref=sr_1_287?dchild=1&keywords=laptop&qid=1622906648&sr=8-287
4.6 out of 5 stars,3,https://www.amazon.in//ASUS-i5-10300H-Graphics-Windows-G512LI-HN118TS/dp/B0933K2MBQ/ref=sr_1_288?dchild=1&keywords=laptop&qid=1622906648&sr=8-288
,N/A,https://www.amazon.in//Renewed-Dell-Latitude-Laptop-E3380/dp/B093VW4MBS/ref=sr_1_289?dchild=1&keywords=laptop&qid=1622906650&sr=8-289
2.8 out of 5 stars,12,https://www.amazon.in//Acer-A515-51-15-6-inch-i5-8250U-Integrated/dp/B07HPQFYRQ/ref=sr_1_290?dchild=1&keywords=laptop&qid=1622906650&sr=8-290
,N/A,https://www.amazon.in//Renewed-Lenovo-12-5-Inch-1366x768-LenovoThinkpad/dp/B08S752MGP/ref=sr_1_291?dchild=1&keywords=laptop&qid=1622906650&sr=8-291
3.5 out of 5 stars,21,https://www.amazon.in//Vivobook-M515DA-EJ002TS-RadeonTM-Integrated-Graphics/dp/B08Q6721HM/ref=sr_1_292?dchild=1&keywords=laptop&qid=1622906650&sr=8-292
4.1 out of 5 stars,320,https://www.amazon.in//HP-39-62cms-Graphics-Windows-15s-gr0010au/dp/B08P6J2JZR/ref=sr_1_293?dchild=1&keywords=laptop&qid=1622906650&sr=8-293
4.2 out of 5 stars,28,https://www.amazon.in//Lenovo-IdeaPad-15-6-inch-Windows-81Y400VAIN/dp/B08PV48PYW/ref=sr_1_294?dchild=1&keywords=laptop&qid=1622906650&sr=8-294
,N/A,https://www.amazon.in//Renewed-HP-840g2-EliteBook-Laptop/dp/B091YNGBYH/ref=sr_1_295?dchild=1&keywords=laptop&qid=1622906650&sr=8-295
4.4 out of 5 stars,72,https://www.amazon.in//HP-Laptop-Graphics-Windows-15s-fr2005tu/dp/B08P8JCWM2/ref=sr_1_296?dchild=1&keywords=laptop&qid=1622906650&sr=8-296
3.5 out of 5 stars,6,https://www.amazon.in//Dell-Latitude-3510-i3-10110U-Warranty/dp/B08B9X82C6/ref=sr_1_297?dchild=1&keywords=laptop&qid=1622906650&sr=8-297
4.6 out of 5 stars,100,https://www.amazon.in//Acer-Predator-Display-Graphics-PT315-52/dp/B08HR2HFYR/ref=sr_1_298?dchild=1&keywords=laptop&qid=1622906650&sr=8-298
,N/A,https://www.amazon.in//Renewed-Dell-Latitude-Integrated-Graphics/dp/B094141B6X/ref=sr_1_299?dchild=1&keywords=laptop&qid=1622906650&sr=8-299
,N/A,https://www.amazon.in//Renewed-Dell-DELL-LATITUDE-E5450/dp/B08XWGHDKV/ref=sr_1_300?dchild=1&keywords=laptop&qid=1622906650&sr=8-300
,N/A,https://www.amazon.in//HP-Elite-Desk-800-Upgradable-Ethernet/dp/B093Q2RCDJ/ref=sr_1_301?dchild=1&keywords=laptop&qid=1622906650&sr=8-301
3.6 out of 5 stars,253,https://www.amazon.in//Acer-Aspire-Intel-Core-i5-10th/dp/B088CFBMRP/ref=sr_1_302?dchild=1&keywords=laptop&qid=1622906650&sr=8-302
,N/A,https://www.amazon.in//HP-6570b-i5-8-GB-240-GB-Integrated/dp/B07PRL2J9Y/ref=sr_1_303?dchild=1&keywords=laptop&qid=1622906650&sr=8-303
4.2 out of 5 stars,326,https://www.amazon.in//Lenovo-ThinkPad-Windows-Microsoft-20TDS0DW00/dp/B093PCT6Z1/ref=sr_1_304?dchild=1&keywords=laptop&qid=1622906650&sr=8-304
3.7 out of 5 stars,28,https://www.amazon.in//Lenovo-Touchscreen-82FN004QIN-Accidental-Protection/dp/B0952BRDWW/ref=sr_1_305?dchild=1&keywords=laptop&qid=1622906653&sr=8-305
3.6 out of 5 stars,13,https://www.amazon.in//Lenovo-Laptop-Windows-Office-81RS00B0IN/dp/B08BSHBHZZ/ref=sr_1_306?dchild=1&keywords=laptop&qid=1622906653&sr=8-306
